{"cameraMode":{"drawMode":0,"name":"Shaded","section":"Shading Mode"},"sceneLighting":false,"audioPlay":false,"sceneViewState":{"m_AlwaysRefresh":false,"showFog":false,"showSkybox":false,"showFlares":false,"showImageEffects":false,"showParticleSystems":false,"showVisualEffectGraphs":true,"m_FxEnabled":true},"in2DMode":false,"pivot":{"x":0.7811891436576843,"y":1.5985844135284424,"z":1.1227784156799317},"rotation":{"x":-0.10091616213321686,"y":-0.13268619775772096,"z":0.013582720421254635,"w":-0.9859508872032166},"size":2.3895151615142824,"orthographic":false}